{
  "name": "dataset3",
  "columns": 10,
  "data": [
    {
      "input":  [1, 0, 0, 0, 0, 0, 0, 0, 0, 0],
      "output": [0, 1, 0, 0, 0, 0, 0, 0, 0, 0]
    },
    {
      "input":  [0, 1, 0, 0, 0, 0, 0, 0, 0, 0],
      "output": [0, 0, 1, 0, 0, 0, 0, 0, 0, 0]
    },
    {
      "input":  [0, 0, 1, 0, 0, 0, 0, 0, 0, 0],
      "output": [0, 0, 0, 1, 0, 0, 0, 0, 0, 0]
    },
    {
      "input":  [0, 0, 0, 1, 0, 0, 0, 0, 0, 0],
      "output": [0, 0, 0, 0, 1, 0, 0, 0, 0, 0]
    },
    {
      "input":  [0, 0, 0, 0, 1, 0, 0, 0, 0, 0],
      "output": [0, 0, 0, 0, 0, 1, 0, 0, 0, 0]
    },
    {
      "input":  [0, 0, 0, 0, 0, 1, 0, 0, 0, 0],
      "output": [0, 0, 0, 0, 0, 0, 1, 0, 0, 0]
    },
    {
      "input":  [0, 0, 0, 0, 0, 0, 1, 0, 0, 0],
      "output": [0, 0, 0, 0, 0, 0, 0, 1, 0, 0]
    },
    {
      "input":  [0, 0, 0, 0, 0, 0, 0, 1, 0, 0],
      "output": [0, 0, 0, 0, 0, 0, 0, 0, 1, 0]
    },
    {
      "input":  [0, 0, 0, 0, 0, 0, 0, 0, 1, 0],
      "output": [0, 0, 0, 0, 0, 0, 0, 0, 0, 1]
    },
    {
      "input":  [0, 0, 0, 0, 0, 0, 0, 0, 0, 1],
      "output": [1, 0, 0, 0, 0, 0, 0, 0, 0, 0]
    }
  ]
}
